Date,HomeTeam,AwayTeam,FTHG,FTAG,Pred_Home_Goals,Pred_Away_Goals
2025-08-15,Liverpool,Bournemouth,4.0,2.0,2.2520547619047613,0.7932833333333337
2025-08-16,Aston Villa,Newcastle,0.0,0.0,1.484561904761905,1.3585428571428564
2025-08-16,Brighton,Fulham,1.0,1.0,1.4968404761904759,1.4358214285714286
2025-08-16,Sunderland,West Ham,3.0,0.0,1.2049809523809527,1.5420420634920635
2025-08-16,Tottenham,Burnley,3.0,0.0,1.9225777777777777,1.0758952380952378
2025-08-16,Wolves,Man City,0.0,4.0,0.9085936507936503,2.143413492063492
2025-08-17,Chelsea,Crystal Palace,0.0,0.0,1.9918230158730161,1.1043785714285717
2025-08-17,Man United,Arsenal,0.0,1.0,1.2425007936507937,1.525961904761905
2025-08-17,Nott'm Forest,Brentford,3.0,1.0,1.5262031746031732,1.2194928571428567
2025-08-18,Leeds,Everton,1.0,0.0,1.1661428571428574,1.4414563492063488
2025-08-22,West Ham,Chelsea,1.0,5.0,0.8798476190476189,1.7814753968253976
2025-08-23,Man City,Tottenham,0.0,2.0,2.4733333333333336,1.0321047619047623
2025-08-23,Burnley,Sunderland,2.0,0.0,1.5714142857142859,0.9213571428571429
2025-08-23,Arsenal,Leeds,5.0,0.0,2.1535809523809517,0.9643523809523811
2025-08-23,Bournemouth,Wolves,1.0,0.0,1.6671690476190475,1.1227261904761905
2025-08-23,Brentford,Aston Villa,1.0,0.0,1.340942857142857,1.4079928571428568
2025-08-24,Crystal Palace,Nott'm Forest,1.0,1.0,1.4708746031746045,1.0094595238095239
2025-08-24,Everton,Brighton,2.0,0.0,1.3819380952380953,1.5215619047619047
2025-08-24,Fulham,Man United,1.0,1.0,1.2535309523809524,1.5652706349206353
2025-08-25,Newcastle,Liverpool,2.0,3.0,1.5062499999999999,1.7581134920634915
2025-08-30,Tottenham,Bournemouth,0.0,1.0,1.9312033189033193,1.2879801587301578
2025-08-30,Wolves,Everton,2.0,3.0,1.3985904761904753,1.3054579365079364
2025-08-30,Sunderland,Brentford,2.0,1.0,1.0395714285714286,1.3703952380952384
2025-08-30,Chelsea,Fulham,2.0,0.0,1.9198047619047618,1.030009523809524
2025-08-30,Leeds,Newcastle,0.0,0.0,1.2771285714285712,1.80528253968254
2025-08-30,Man United,Burnley,3.0,2.0,2.153502380952381,0.7877547619047619
2025-08-31,Aston Villa,Crystal Palace,0.0,3.0,1.9561492063492065,1.1452261904761905
2025-08-31,Brighton,Man City,2.0,1.0,1.4330349206349209,1.5801579365079368
2025-08-31,Liverpool,Arsenal,1.0,0.0,1.6158952380952387,1.1233152236652237
2025-08-31,Nott'm Forest,West Ham,0.0,3.0,1.7780357142857146,0.9879476190476191
2025-09-13,West Ham,Tottenham,0.0,3.0,1.4865174603174605,1.6617619047619043
2025-09-13,Newcastle,Wolves,1.0,0.0,1.8960650793650797,0.9641333333333333
2025-09-13,Fulham,Leeds,1.0,0.0,1.7906452380952376,1.0038333333333334
2025-09-13,Everton,Aston Villa,0.0,0.0,1.1945523809523808,1.3021357142857137
2025-09-13,Brentford,Chelsea,2.0,2.0,0.9917246031746033,1.759082905982907
2025-09-13,Bournemouth,Brighton,2.0,1.0,1.6112888888888885,1.2342634920634923
2025-09-13,Arsenal,Nott'm Forest,3.0,0.0,2.060962698412698,0.8116380952380954
2025-09-13,Crystal Palace,Sunderland,0.0,0.0,1.902314285714285,1.014526190476191
2025-09-14,Burnley,Liverpool,0.0,1.0,0.7219142857142855,2.264990476190475
2025-09-14,Man City,Man United,3.0,0.0,2.025716666666667,1.2398190476190474
2025-09-20,Man United,Chelsea,2.0,1.0,1.4954682539682538,1.3275452380952384
2025-09-20,Liverpool,Everton,2.0,1.0,1.9689373015873006,0.8601095238095239
2025-09-20,Wolves,Leeds,1.0,3.0,1.1996761904761908,1.3919928571428568
2025-09-20,Burnley,Nott'm Forest,1.0,1.0,1.1008476190476186,1.7451888888888882
2025-09-20,Fulham,Brentford,3.0,1.0,1.814561904761905,1.1535817460317461
2025-09-20,West Ham,Crystal Palace,1.0,2.0,1.4196785714285707,1.4755968253968257
2025-09-20,Brighton,Tottenham,2.0,2.0,1.650402380952381,1.0306706349206347
2025-09-21,Arsenal,Man City,1.0,1.0,2.009414285714287,1.0055047619047615
2025-09-21,Bournemouth,Newcastle,0.0,0.0,1.4124428571428576,1.5132261904761901
2025-09-21,Sunderland,Aston Villa,1.0,1.0,1.0804190476190478,1.6612984126984132
2025-09-27,Nott'm Forest,Sunderland,0.0,1.0,2.0293674603174603,0.96542619047619
2025-09-27,Man City,Burnley,5.0,1.0,2.869433333333333,0.5597523809523808
2025-09-27,Leeds,Bournemouth,2.0,2.0,1.1852770562770558,1.470038095238095
2025-09-27,Tottenham,Wolves,1.0,1.0,1.7767119047619058,0.8873214285714287
2025-09-27,Chelsea,Brighton,1.0,3.0,2.1349134920634922,1.1429841269841272
2025-09-27,Brentford,Man United,3.0,1.0,1.4067079365079365,1.7443904761904765
2025-09-27,Crystal Palace,Liverpool,2.0,1.0,1.241855555555556,1.4782055555555558
2025-09-28,Aston Villa,Fulham,3.0,1.0,1.2142499999999996,1.0319582972582968
2025-09-28,Newcastle,Arsenal,1.0,2.0,1.4026222222222233,1.4990182539682537
2025-09-29,Everton,West Ham,1.0,1.0,1.9672214285714278,1.1487357142857137
2025-10-03,Bournemouth,Fulham,3.0,1.0,1.415592857142857,0.9740285714285711
2025-10-04,Arsenal,West Ham,2.0,0.0,2.2323190476190473,0.689126984126984
2025-10-04,Chelsea,Liverpool,2.0,1.0,1.486530952380952,1.7407658730158724
2025-10-04,Leeds,Tottenham,1.0,2.0,1.2880238095238092,1.3788690476190473
2025-10-04,Man United,Sunderland,2.0,0.0,2.158516666666667,0.8696023809523812
2025-10-05,Newcastle,Nott'm Forest,2.0,0.0,1.8319142857142854,1.2318055555555558
2025-10-05,Wolves,Brighton,1.0,1.0,0.9554690476190472,1.4025880952380954
2025-10-05,Everton,Crystal Palace,2.0,1.0,1.2194738095238093,1.3114428571428571
2025-10-05,Aston Villa,Burnley,2.0,1.0,1.8550857142857142,1.0918063492063494
2025-10-05,Brentford,Man City,0.0,1.0,1.1520190476190473,2.008974603174603
2025-10-18,Brighton,Newcastle,2.0,1.0,1.5689166666666667,1.3044333333333338
2025-10-18,Burnley,Leeds,2.0,0.0,1.005440476190476,1.7461976190476187
2025-10-18,Crystal Palace,Bournemouth,3.0,3.0,1.5205095238095239,1.2284261904761904
2025-10-18,Fulham,Arsenal,0.0,1.0,0.8040571428571428,2.0472428571428574
2025-10-18,Man City,Everton,2.0,0.0,2.3758150793650787,0.8152142857142857
2025-10-18,Nott'm Forest,Chelsea,0.0,3.0,1.1853976190476192,1.5619606060606062
2025-10-18,Sunderland,Wolves,2.0,0.0,1.1989230158730155,1.2169833333333326
2025-10-19,Liverpool,Man United,1.0,2.0,2.1532277777777775,1.1959571428571434
2025-10-19,Tottenham,Aston Villa,1.0,2.0,1.569359523809524,1.1082515873015872
2025-10-20,West Ham,Brentford,0.0,2.0,1.3335071428571426,1.2003428571428578
2025-10-24,Leeds,West Ham,2.0,1.0,1.7926077200577204,1.0767380952380956
2025-10-25,Brentford,Liverpool,3.0,2.0,1.3731531746031744,1.8774452380952387
2025-10-25,Chelsea,Sunderland,1.0,2.0,1.9689833333333342,0.7258666666666668
2025-10-25,Man United,Brighton,4.0,2.0,1.698226984126984,1.1082968253968246
2025-10-25,Newcastle,Fulham,2.0,1.0,1.6868769841269842,0.9817428571428569
2025-10-26,Arsenal,Crystal Palace,1.0,0.0,2.1497880952380948,0.88736277056277
2025-10-26,Aston Villa,Man City,1.0,0.0,1.3656468253968248,1.5916357142857145
2025-10-26,Bournemouth,Nott'm Forest,2.0,0.0,1.8712769841269845,1.1835761904761908
2025-10-26,Everton,Tottenham,0.0,3.0,1.3178166666666669,1.214278571428571
2025-10-26,Wolves,Burnley,2.0,3.0,1.4646452380952375,0.7400214285714287
2025-11-01,Nott'm Forest,Man United,2.0,2.0,1.277142857142857,1.7264293650793654
2025-11-01,Liverpool,Aston Villa,2.0,0.0,1.9535571428571432,1.063995238095238
2025-11-01,Tottenham,Chelsea,0.0,1.0,1.4102119047619044,1.4787444444444442
2025-11-01,Crystal Palace,Brentford,2.0,0.0,1.7635071428571434,1.1684253968253964
2025-11-01,Burnley,Arsenal,0.0,2.0,0.7034738095238092,2.489245238095238
2025-11-01,Brighton,Leeds,3.0,0.0,1.9802214285714288,1.1601619047619045
2025-11-01,Fulham,Wolves,3.0,0.0,1.7393142857142856,0.9622928571428573
2025-11-02,Man City,Bournemouth,3.0,1.0,2.2635507936507935,1.0642746031746033
2025-11-02,West Ham,Newcastle,3.0,1.0,1.1089531746031744,2.041216666666667
2025-11-03,Sunderland,Everton,1.0,1.0,1.142613492063492,1.273074603174603
2025-11-08,Chelsea,Wolves,3.0,0.0,1.76208253968254,0.6789476190476191
2025-11-08,Everton,Fulham,2.0,0.0,1.150414285714286,1.0793515873015873
2025-11-08,Sunderland,Arsenal,2.0,2.0,1.012473809523809,2.3136595238095228
2025-11-08,Tottenham,Man United,2.0,2.0,1.4793111111111108,1.5471714285714282
2025-11-08,West Ham,Burnley,3.0,2.0,1.5745079365079369,0.953704761904762
2025-11-09,Nott'm Forest,Leeds,3.0,1.0,1.360504761904762,1.1440103174603173
2025-11-09,Man City,Liverpool,3.0,0.0,2.1419214285714285,1.145195238095238
2025-11-09,Aston Villa,Bournemouth,4.0,0.0,1.4619428571428572,1.2520928571428562
2025-11-09,Brentford,Newcastle,3.0,1.0,1.3339142857142865,1.3312396825396824
2025-11-09,Crystal Palace,Brighton,0.0,0.0,1.4264071428571425,1.2401126984126989
2025-11-22,Newcastle,Man City,2.0,1.0,1.282983333333334,1.7765558441558449
2025-11-22,Bournemouth,West Ham,2.0,2.0,2.1876809523809526,1.0272857142857141
2025-11-22,Brighton,Brentford,2.0,1.0,1.7251563492063497,1.2132571428571428
2025-11-22,Burnley,Chelsea,0.0,2.0,0.8127476190476188,2.021455555555556
2025-11-22,Fulham,Sunderland,1.0,0.0,1.525227777777778,1.0372619047619047
2025-11-22,Liverpool,Nott'm Forest,0.0,3.0,2.315729365079365,0.7702047619047616
2025-11-22,Wolves,Crystal Palace,0.0,2.0,1.0484595238095238,1.5806888888888886
2025-11-23,Leeds,Aston Villa,1.0,2.0,1.1220150793650794,1.4931999999999996
2025-11-23,Arsenal,Tottenham,4.0,1.0,2.6797214285714293,0.7436476190476194
2025-11-24,Man United,Everton,0.0,1.0,2.0189547619047628,1.0239642857142859
2025-11-29,Brentford,Burnley,3.0,1.0,1.9070365079365075,0.846652380952381
2025-11-29,Everton,Newcastle,1.0,4.0,1.3692047619047618,1.3654063492063488
2025-11-29,Man City,Leeds,3.0,2.0,2.402873015873016,0.9187365079365082
2025-11-29,Sunderland,Bournemouth,3.0,2.0,1.1558095238095234,1.6354738095238097
2025-11-29,Tottenham,Fulham,1.0,2.0,1.3594047619047622,1.2220833333333327
2025-11-30,Nott'm Forest,Brighton,0.0,2.0,1.2424666666666668,1.3387095238095237
2025-11-30,Aston Villa,Wolves,1.0,0.0,2.2229063492063488,0.8651968253968252
2025-11-30,Chelsea,Arsenal,1.0,1.0,1.3445547619047615,1.5257666666666667
2025-11-30,Crystal Palace,Man United,1.0,2.0,1.611054761904762,1.1330880952380948
2025-11-30,West Ham,Liverpool,0.0,2.0,1.1596650793650793,2.1911928571428576
2025-12-02,Newcastle,Tottenham,2.0,2.0,2.2484220779220783,1.0421214285714282
2025-12-02,Bournemouth,Everton,0.0,1.0,1.5497214285714285,0.890595238095238
2025-12-02,Fulham,Man City,4.0,5.0,1.1744150793650792,1.7661277777777775
2025-12-03,Wolves,Nott'm Forest,0.0,1.0,0.9776595238095238,1.6407476190476193
2025-12-03,Arsenal,Brentford,2.0,0.0,2.067076190476192,0.9332714285714286
2025-12-03,Brighton,Aston Villa,3.0,4.0,1.7558380952380956,1.1374357142857143
2025-12-03,Burnley,Crystal Palace,0.0,1.0,0.866195238095238,1.7362825396825399
2025-12-03,Leeds,Chelsea,3.0,1.0,1.041895238095238,1.9000971139971146
2025-12-03,Liverpool,Sunderland,1.0,1.0,2.328238095238096,0.839116666666667
2025-12-04,Man United,West Ham,1.0,1.0,2.082407215007215,0.7852238095238093
2025-12-06,Newcastle,Burnley,2.0,1.0,2.0797023809523814,0.7575556277056275
2025-12-06,Tottenham,Brentford,2.0,0.0,1.4561547619047615,1.0406333333333335
2025-12-06,Man City,Sunderland,3.0,0.0,2.3147674603174595,0.6816222222222221
2025-12-06,Aston Villa,Arsenal,2.0,1.0,1.3339880952380947,1.5650730158730146
2025-12-06,Everton,Nott'm Forest,3.0,0.0,1.317752380952381,1.1652499999999995
2025-12-06,Bournemouth,Chelsea,0.0,0.0,1.3629,1.5440047619047623
2025-12-06,Leeds,Liverpool,3.0,3.0,1.19082619047619,1.8582261904761905
2025-12-07,Brighton,West Ham,1.0,1.0,2.076995238095238,1.0676302308802308
2025-12-07,Fulham,Crystal Palace,1.0,2.0,1.4424619047619045,1.311592063492064
2025-12-08,Wolves,Man United,1.0,4.0,1.0868999999999993,2.228492063492063
2025-12-13,Chelsea,Everton,2.0,0.0,1.7090222222222224,0.8918619047619044
2025-12-13,Liverpool,Brighton,2.0,0.0,1.6839365079365096,1.1577738095238101
2025-12-13,Arsenal,Wolves,2.0,1.0,3.0656261904761912,0.4786023809523811
2025-12-13,Burnley,Fulham,2.0,3.0,1.0021166666666665,1.7096642857142859
2025-12-14,Brentford,Leeds,1.0,1.0,1.609799999999999,1.1035960317460323
2025-12-14,Crystal Palace,Man City,0.0,3.0,1.2797579365079366,1.6811349206349202
2025-12-14,Nott'm Forest,Tottenham,3.0,0.0,1.55414126984127,1.239434920634921
2025-12-14,Sunderland,Newcastle,1.0,0.0,1.0146666666666675,1.4593817460317464
2025-12-14,West Ham,Aston Villa,2.0,3.0,1.131866666666667,1.582129365079365
2025-12-15,Man United,Bournemouth,4.0,4.0,2.0354833333333335,1.210319047619048
2025-12-20,Wolves,Brentford,0.0,2.0,0.9631928571428571,1.778869047619047
2025-12-20,Tottenham,Liverpool,1.0,2.0,1.3873031746031754,1.7571238095238106
2025-12-20,Man City,West Ham,3.0,0.0,2.5225642857142847,0.8138142857142857
2025-12-20,Newcastle,Chelsea,2.0,2.0,1.6437952380952379,1.3815523809523802
2025-12-20,Everton,Arsenal,0.0,1.0,0.9901714285714286,1.7300444444444454
2025-12-20,Brighton,Sunderland,0.0,0.0,1.8341325396825394,0.8349142857142859
2025-12-20,Bournemouth,Burnley,1.0,1.0,1.9594873015873013,0.9822666666666662
2025-12-20,Leeds,Crystal Palace,4.0,1.0,1.312445238095238,1.3686857142857143
2025-12-21,Aston Villa,Man United,2.0,1.0,1.6620968253968256,1.3505571428571428
2025-12-22,Fulham,Nott'm Forest,1.0,0.0,1.3710047619047616,1.259811111111111
2025-12-26,Man United,Newcastle,1.0,0.0,1.7640817460317468,1.464057936507936
2025-12-27,West Ham,Fulham,0.0,1.0,1.2982738095238093,1.3898603174603175
2025-12-27,Nott'm Forest,Man City,1.0,2.0,0.8558595238095235,1.783272871572872
2025-12-27,Chelsea,Aston Villa,1.0,2.0,1.951486507936507,1.3196714285714293
2025-12-27,Liverpool,Wolves,2.0,1.0,2.2147055555555557,0.6670476190476189
2025-12-27,Brentford,Bournemouth,4.0,1.0,1.4612365079365077,1.186026190476191
2025-12-27,Arsenal,Brighton,2.0,1.0,2.0979968253968253,0.7994190476190479
2025-12-27,Burnley,Everton,0.0,0.0,1.0874833333333338,1.3682126984126977
2025-12-28,Crystal Palace,Tottenham,0.0,1.0,1.4655365079365084,1.070807142857143
2025-12-28,Sunderland,Leeds,1.0,1.0,1.3680475468975464,1.2189690476190473
2025-12-30,Arsenal,Aston Villa,4.0,1.0,1.979642857142856,0.9964476190476194
2025-12-30,Burnley,Newcastle,1.0,3.0,1.038612698412699,2.3243571428571417
2025-12-30,Chelsea,Bournemouth,2.0,2.0,2.0277603174603165,1.1671682539682535
2025-12-30,Man United,Wolves,1.0,1.0,2.086404761904762,0.7544183982683982
2025-12-30,Nott'm Forest,Everton,0.0,2.0,1.3920761904761905,0.9588119047619053
2025-12-30,West Ham,Brighton,2.0,2.0,1.367004761904762,1.920337301587301
2026-01-01,Sunderland,Man City,0.0,0.0,0.8088238095238096,1.954557142857143
2026-01-01,Liverpool,Leeds,0.0,0.0,1.8382277777777773,1.1746047619047624
2026-01-01,Crystal Palace,Fulham,1.0,1.0,1.6209880952380957,1.219540476190476
2026-01-01,Brentford,Tottenham,0.0,0.0,1.7216857142857152,1.0138047619047619
2026-01-03,Aston Villa,Nott'm Forest,3.0,1.0,2.1573611111111126,1.2429142857142848
2026-01-03,Bournemouth,Arsenal,2.0,3.0,0.6855349206349205,2.051942063492063
2026-01-03,Brighton,Burnley,2.0,0.0,1.9158071428571426,0.9664666666666668
2026-01-03,Wolves,West Ham,3.0,0.0,1.4395666666666664,1.4311111111111112
2026-01-04,Tottenham,Sunderland,1.0,1.0,1.4878661616161613,0.8791158730158731
2026-01-04,Everton,Brentford,2.0,4.0,1.3176833333333342,1.1043476190476185
2026-01-04,Fulham,Liverpool,2.0,2.0,1.1648714285714286,1.443964285714286
2026-01-04,Leeds,Man United,1.0,1.0,1.5641222943722946,1.4282952380952383
2026-01-04,Man City,Chelsea,1.0,1.0,2.5138214285714295,1.1611833333333335
2026-01-04,Newcastle,Crystal Palace,2.0,0.0,1.8027911976911974,1.1905095238095236
2026-01-06,West Ham,Nott'm Forest,1.0,2.0,1.1962984126984126,1.529768181818182
2026-01-07,Newcastle,Leeds,4.0,3.0,2.0462619047619044,1.1907452380952388
2026-01-07,Man City,Brighton,1.0,1.0,2.299161904761905,0.8677682539682541
2026-01-07,Fulham,Chelsea,2.0,1.0,1.2155603174603178,1.4405619047619047
2026-01-07,Everton,Wolves,1.0,1.0,1.8218095238095233,1.0096761904761906
2026-01-07,Bournemouth,Tottenham,3.0,2.0,1.4983309523809516,0.990819841269841
2026-01-07,Burnley,Man United,2.0,2.0,0.9097952380952379,2.1211340548340565
2026-01-07,Brentford,Sunderland,3.0,0.0,1.4653539682539678,1.1872587301587303
2026-01-07,Crystal Palace,Aston Villa,0.0,0.0,1.3594095238095243,1.4264539682539685
2026-01-08,Arsenal,Liverpool,0.0,0.0,2.3324579365079354,1.0038761904761901
2026-01-17,Sunderland,Crystal Palace,2.0,1.0,1.3111198412698413,1.2641317460317465
2026-01-17,Liverpool,Burnley,1.0,1.0,2.175465873015874,0.7836619047619047
2026-01-17,Tottenham,West Ham,1.0,2.0,1.8162134920634918,0.9818499999999997
2026-01-17,Nott'm Forest,Arsenal,0.0,0.0,0.664814285714286,1.8228666666666673
2026-01-17,Chelsea,Brentford,2.0,0.0,2.0527468253968264,1.1349571428571428
2026-01-17,Leeds,Fulham,1.0,0.0,1.6105238095238104,1.1573309523809523
2026-01-17,Man United,Man City,2.0,0.0,1.3484857142857145,1.2867833333333338
2026-01-18,Aston Villa,Everton,0.0,1.0,2.100400793650794,1.1992531746031743
2026-01-18,Wolves,Newcastle,0.0,0.0,0.872590476190476,1.994884126984126
2026-01-19,Brighton,Bournemouth,1.0,1.0,1.9269841269841277,1.2103523809523806
2026-01-24,West Ham,Sunderland,3.0,1.0,1.1769714285714294,1.286711111111111
2026-01-24,Fulham,Brighton,2.0,1.0,1.406402380952381,1.3639333333333337
2026-01-24,Man City,Wolves,2.0,0.0,2.8754150793650797,0.7749968253968256
2026-01-24,Bournemouth,Liverpool,3.0,2.0,1.3660166666666662,1.8087619047619043
2026-01-24,Burnley,Tottenham,2.0,2.0,0.9937880952380954,1.5880500000000006
2026-01-25,Arsenal,Man United,2.0,3.0,2.2484476190476186,1.056427777777778
2026-01-25,Brentford,Nott'm Forest,0.0,2.0,1.5579214285714287,1.1278904761904767
2026-01-25,Crystal Palace,Chelsea,1.0,3.0,1.0673999999999997,1.4454492063492062
2026-01-25,Newcastle,Aston Villa,0.0,2.0,1.8723047619047612,1.2723587301587307
2026-01-26,Everton,Leeds,1.0,1.0,1.1943571428571431,1.2266166666666656
2026-01-31,Liverpool,Newcastle,4.0,1.0,1.8052952380952378,1.0307666666666666
2026-01-31,Leeds,Arsenal,0.0,4.0,1.0048041514041517,2.182319841269841
2026-01-31,Wolves,Bournemouth,0.0,2.0,1.1802095238095238,1.7812999999999986
2026-01-31,Brighton,Everton,1.0,1.0,1.9299960317460323,1.1164333333333334
2026-01-31,Chelsea,West Ham,3.0,2.0,2.0812500000000003,1.1219126984126977
2026-02-01,Tottenham,Man City,2.0,2.0,1.4488373015873022,1.9161230158730154
2026-02-01,Nott'm Forest,Crystal Palace,1.0,1.0,1.5007976190476182,1.1530198412698411
2026-02-01,Aston Villa,Brentford,0.0,1.0,1.6147880952380944,1.1431214285714286
2026-02-01,Man United,Fulham,3.0,2.0,2.1141515873015884,1.0247936507936506
2026-02-02,Sunderland,Burnley,3.0,0.0,1.6711873015873016,0.9217500000000005
2026-02-06,Leeds,Nott'm Forest,3.0,1.0,1.314097619047619,0.9901285714285714
2026-02-07,Newcastle,Brentford,2.0,3.0,1.4702206349206346,1.1063468253968254
2026-02-07,Arsenal,Sunderland,3.0,0.0,2.2401904761904747,0.8403253968253969
2026-02-07,Bournemouth,Aston Villa,1.0,1.0,1.3433769841269843,1.4660158730158726
2026-02-07,Burnley,West Ham,0.0,2.0,1.024657936507936,1.5717428571428573
2026-02-07,Fulham,Everton,1.0,2.0,1.2440634920634928,1.0263468253968255
2026-02-07,Man United,Tottenham,2.0,0.0,2.391171428571429,1.2768714285714278
2026-02-07,Wolves,Chelsea,1.0,3.0,0.9556857142857142,1.9037095238095239
2026-02-08,Liverpool,Man City,1.0,2.0,1.8788880952380962,1.178033333333333
2026-02-08,Brighton,Crystal Palace,0.0,1.0,1.5651285714285719,1.1641595238095237
2026-02-10,Chelsea,Leeds,2.0,2.0,2.1460999999999997,1.2320309523809518
2026-02-10,Everton,Bournemouth,1.0,2.0,1.3337309523809524,1.0654801587301588
2026-02-10,Tottenham,Newcastle,1.0,2.0,1.1704388888888893,1.6866642857142855
2026-02-10,West Ham,Man United,1.0,1.0,1.1623452380952386,1.9703071428571415
2026-02-11,Man City,Fulham,3.0,0.0,2.6505952380952356,0.8488761904761907
2026-02-11,Nott'm Forest,Wolves,0.0,0.0,1.7231023809523813,0.9169452380952384
2026-02-11,Aston Villa,Brighton,1.0,0.0,1.6498111111111111,0.9949214285714288
2026-02-11,Crystal Palace,Burnley,2.0,3.0,2.027698412698413,1.021395238095238
2026-02-11,Sunderland,Liverpool,0.0,1.0,0.9146997835497835,1.9883261183261178
2026-02-12,Brentford,Arsenal,1.0,1.0,1.0185595238095237,1.7592523809523806
2026-02-18,Wolves,Arsenal,2.0,2.0,0.588909523809524,2.0160817460317455
2026-02-21,Aston Villa,Leeds,1.0,1.0,2.102704761904762,0.9957261904761907
2026-02-21,Brentford,Brighton,0.0,2.0,1.4217095238095245,1.308131746031746
2026-02-21,Chelsea,Burnley,1.0,1.0,2.0794095238095247,0.5189436507936507
2026-02-21,Man City,Newcastle,2.0,1.0,2.2967380952380956,1.162173015873016
2026-02-21,West Ham,Bournemouth,0.0,0.0,1.2690380952380949,1.6949849206349203
2026-02-22,Tottenham,Arsenal,1.0,4.0,0.9058666666666668,1.727753174603174
2026-02-22,Sunderland,Fulham,1.0,3.0,1.0365166666666665,1.1137285714285723
2026-02-22,Crystal Palace,Wolves,1.0,0.0,1.8359793650793652,1.0865261904761911
2026-02-22,Nott'm Forest,Liverpool,0.0,1.0,1.268535714285714,1.7728365079365083
2026-02-23,Everton,Man United,0.0,1.0,1.2703357142857146,1.6174769841269843
2026-02-27,Wolves,Aston Villa,2.0,0.0,0.9942126984126989,1.7328380952380955
2026-02-28,Newcastle,Everton,2.0,3.0,1.8852452380952383,1.113642857142857
2026-02-28,Bournemouth,Sunderland,1.0,1.0,1.7252793650793647,0.9916809523809523
2026-02-28,Burnley,Brentford,3.0,4.0,0.9124873015873014,1.9710349206349205
2026-02-28,Leeds,Man City,0.0,1.0,1.017834126984127,1.830698412698413
2026-02-28,Liverpool,West Ham,5.0,2.0,2.1052484126984132,0.7213714285714284
2026-03-01,Brighton,Nott'm Forest,2.0,1.0,1.5766952380952375,1.1870166666666666
2026-03-01,Fulham,Tottenham,2.0,1.0,1.5630214285714281,1.3452571428571425
2026-03-01,Arsenal,Chelsea,2.0,1.0,2.2609484126984127,1.0098476190476198
2026-03-01,Man United,Crystal Palace,2.0,1.0,2.1375928571428564,1.0651587301587306
2026-03-03,Wolves,Liverpool,2.0,1.0,0.9708341269841267,2.1363301587301593
2026-03-03,Leeds,Sunderland,0.0,1.0,1.4823976190476191,0.8494714285714288
2026-03-03,Bournemouth,Brentford,0.0,0.0,1.9188238095238095,1.5147142857142857
2026-03-03,Everton,Burnley,2.0,0.0,1.9574404761904762,0.9289619047619044
2026-03-04,Aston Villa,Chelsea,1.0,4.0,1.6444714285714284,1.3055380952380955
2026-03-04,Brighton,Arsenal,0.0,1.0,1.046440476190476,1.6542547619047623
2026-03-04,Fulham,West Ham,0.0,1.0,1.5645547619047624,0.9307357142857143
2026-03-04,Man City,Nott'm Forest,2.0,2.0,2.557023809523809,0.8463968253968258
2026-03-04,Newcastle,Man United,2.0,1.0,1.634728571428572,1.5475031746031738
2026-03-05,Tottenham,Crystal Palace,1.0,3.0,1.4221071428571426,1.2159246031746034
2026-03-14,West Ham,Man City,1.0,1.0,1.1294031746031756,1.9285841269841262
2026-03-14,Sunderland,Brighton,0.0,1.0,1.1225238095238093,1.1941865079365077
2026-03-14,Chelsea,Newcastle,0.0,1.0,2.1715190476190473,1.1312119047619045
2026-03-14,Burnley,Bournemouth,0.0,0.0,0.9227190476190479,1.9438000000000006
2026-03-14,Arsenal,Everton,2.0,0.0,2.0055031746031737,0.7794904761904762
2026-03-15,Crystal Palace,Leeds,0.0,0.0,1.181519047619048,1.2233999999999992
2026-03-15,Liverpool,Tottenham,1.0,1.0,2.3882753968253967,0.9951809523809522
2026-03-15,Man United,Aston Villa,3.0,1.0,2.2207547619047636,0.9994214285714282
2026-03-15,Nott'm Forest,Fulham,0.0,0.0,1.3755000000000002,0.9948761904761905
2026-03-16,Brentford,Wolves,2.0,2.0,1.9101619047619047,0.9984857142857146
2026-03-20,Bournemouth,Man United,2.0,2.0,1.2564333333333335,1.5086190476190475
2026-03-21,Fulham,Burnley,3.0,1.0,1.8416809523809525,0.8014833333333332
2026-03-21,Leeds,Brentford,0.0,0.0,1.394068253968254,1.319876190476191
2026-03-21,Brighton,Liverpool,2.0,1.0,1.5414579365079368,1.5181603174603189
2026-03-21,Everton,Chelsea,3.0,0.0,1.4102793650793657,1.4199738095238088
2026-03-22,Aston Villa,West Ham,2.0,0.0,1.6004698412698408,0.9056785714285712
2026-03-22,Newcastle,Sunderland,1.0,2.0,1.852547619047619,0.8501071428571427
2026-03-22,Tottenham,Nott'm Forest,0.0,3.0,1.3929992063492058,1.233416666666667
2026-04-10,West Ham,Wolves,4.0,0.0,1.7816904761904762,1.097047619047619
2026-04-11,Arsenal,Bournemouth,1.0,2.0,2.160035714285713,1.0104023809523812
2026-04-11,Brentford,Everton,2.0,2.0,1.4856904761904761,1.0831809523809524
2026-04-11,Burnley,Brighton,0.0,2.0,0.9987952380952386,1.7973119047619046
2026-04-11,Liverpool,Fulham,2.0,0.0,1.833602380952381,0.8765904761904766
2026-04-12,Sunderland,Tottenham,1.0,0.0,1.2182420634920637,1.3828809523809522
2026-04-12,Nott'm Forest,Aston Villa,1.0,1.0,1.3324142857142853,1.3675285714285712
2026-04-12,Crystal Palace,Newcastle,2.0,1.0,1.4350761904761908,1.5173380952380944
2026-04-12,Chelsea,Man City,0.0,3.0,1.5032793650793639,1.9170309523809523
2026-04-13,Man United,Leeds,1.0,2.0,2.1895285714285717,1.0780928571428572
2026-04-18,Brentford,Fulham,0.0,0.0,1.2948833333333332,1.1530317460317463
2026-04-18,Chelsea,Man United,0.0,1.0,1.6202690476190478,1.1158071428571426
2026-04-18,Leeds,Wolves,3.0,0.0,1.8096047619047615,1.0890285714285717
2026-04-18,Newcastle,Bournemouth,1.0,2.0,1.7804436507936512,1.1965174603174595
2026-04-18,Tottenham,Brighton,2.0,2.0,1.3697793650793642,1.5176238095238095
2026-04-19,Man City,Arsenal,2.0,1.0,2.0225333333333344,1.1942071428571428
2026-04-19,Aston Villa,Sunderland,4.0,3.0,2.1528261904761914,1.073002380952381
2026-04-19,Everton,Liverpool,1.0,2.0,1.4107936507936512,1.545985714285715
2026-04-19,Nott'm Forest,Burnley,4.0,1.0,1.8055634920634918,0.78890873015873
2026-04-20,Crystal Palace,West Ham,0.0,0.0,1.3131912698412698,1.0577380952380953
2026-04-21,Brighton,Chelsea,3.0,0.0,1.472873015873016,1.452496825396825
2026-04-22,Bournemouth,Leeds,2.0,2.0,1.8059174603174613,1.086204761904762
2026-04-22,Burnley,Man City,0.0,1.0,0.6691880952380951,2.8351611111111117
2026-04-24,Sunderland,Nott'm Forest,0.0,5.0,1.3943309523809528,1.2852023809523816
2026-04-25,Arsenal,Newcastle,1.0,0.0,2.2265571428571436,0.9701952380952381
2026-04-25,Fulham,Aston Villa,1.0,0.0,1.343833333333333,1.618023809523809
2026-04-25,Liverpool,Crystal Palace,3.0,1.0,2.220319047619048,0.7498833333333335
2026-04-25,West Ham,Everton,2.0,1.0,1.3781214285714285,1.1584285714285716
2026-04-25,Wolves,Tottenham,0.0,1.0,1.1462380952380955,2.1963341269841274
2026-04-27,Man United,Brentford,2.0,1.0,1.774833333333333,0.9403563492063493
2026-05-01,Leeds,Burnley,3.0,1.0,1.514992857142857,0.8813190476190479
2026-05-02,Arsenal,Fulham,3.0,0.0,2.233070634920636,0.834477777777778
2026-05-02,Brentford,West Ham,3.0,0.0,1.7065071428571426,0.983726984126984
2026-05-02,Newcastle,Brighton,3.0,1.0,1.2472095238095233,1.351530952380953
2026-05-02,Wolves,Sunderland,1.0,1.0,1.1227603174603173,1.527531746031747
2026-05-03,Aston Villa,Tottenham,1.0,2.0,1.4738436507936499,1.206303968253968
2026-05-03,Bournemouth,Crystal Palace,3.0,0.0,2.2193531746031745,1.1424880952380954
2026-05-03,Man United,Liverpool,3.0,2.0,1.7968333333333326,1.2536293650793648
2026-05-04,Chelsea,Nott'm Forest,1.0,3.0,2.0193317460317455,1.2715357142857142
2026-05-04,Everton,Man City,3.0,3.0,0.9942365079365085,2.1953952380952377
2026-05-09,Sunderland,Man United,0.0,0.0,1.022952380952381,1.889909523809524
2026-05-09,Man City,Brentford,3.0,0.0,2.539912698412698,0.8807841269841269
2026-05-09,Brighton,Wolves,3.0,0.0,2.092316666666667,0.8904261904761909
2026-05-09,Fulham,Bournemouth,0.0,1.0,1.4558523809523805,1.4217809523809517
2026-05-09,Liverpool,Chelsea,1.0,1.0,2.1439595238095235,1.311818253968254
2026-05-10,Burnley,Aston Villa,2.0,2.0,0.9250333333333333,2.4830301587301573
2026-05-10,Crystal Palace,Everton,2.0,2.0,1.3837444444444442,1.2009952380952384
2026-05-10,Nott'm Forest,Newcastle,1.0,1.0,1.3178904761904764,1.633874603174604
2026-05-10,West Ham,Arsenal,0.0,1.0,1.0415285714285718,1.897792857142858
2026-05-11,Tottenham,Leeds,1.0,1.0,1.967328571428571,1.1549888888888888
2026-05-13,Man City,Crystal Palace,3.0,0.0,2.7080928571428577,0.80550873015873
2026-05-15,Aston Villa,Liverpool,4.0,2.0,1.5577166666666669,1.4662023809523805
2026-05-17,Wolves,Fulham,1.0,1.0,0.997733333333333,1.8811603174603186
2026-05-17,Newcastle,West Ham,3.0,1.0,1.3174674603174605,1.1575238095238098
2026-05-17,Man United,Nott'm Forest,3.0,2.0,2.112707142857143,1.3075952380952383
2026-05-17,Brentford,Crystal Palace,2.0,2.0,1.9947285714285703,1.1942626984126985
2026-05-17,Everton,Sunderland,1.0,3.0,1.5679714285714281,1.0122992063492067
2026-05-17,Leeds,Brighton,1.0,0.0,1.2953357142857151,1.441690476190476
2026-05-18,Arsenal,Burnley,1.0,0.0,3.2210793650793663,0.5976380952380954
2026-05-19,Chelsea,Tottenham,2.0,1.0,1.8360119047619046,1.1943563492063496
2026-05-19,Bournemouth,Man City,1.0,1.0,1.2806809523809528,1.9195753968253968
2026-05-24,Nott'm Forest,Bournemouth,1.0,1.0,1.2368801587301586,1.8000761904761906
2026-05-24,Man City,Aston Villa,1.0,2.0,2.489511111111111,0.8820380952380954
2026-05-24,Sunderland,Chelsea,2.0,1.0,1.1480404761904766,1.539652380952381
2026-05-24,Liverpool,Brentford,1.0,1.0,1.8704888888888893,0.947421428571429
2026-05-24,Tottenham,Everton,1.0,0.0,1.5197500000000002,1.164403174603175
2026-05-24,Crystal Palace,Arsenal,1.0,2.0,1.210048917748917,1.7960014430014435
2026-05-24,Burnley,Wolves,1.0,1.0,1.5155380952380952,1.2691690476190474
2026-05-24,Brighton,Man United,0.0,3.0,2.1880357142857148,1.2497023809523815
2026-05-24,Fulham,Newcastle,2.0,0.0,1.2607023809523807,1.5015642857142861
2026-05-24,West Ham,Leeds,3.0,0.0,2.0466603174603177,1.3603261904761905
